{"acc": {"anonym_rel": {"theories/Classes": {}, "plugins/ssr": {}, "theories/Lists": {}, "theories/QArith": {}, "theories/Numbers": {}}, "origin_prop": {"theories/Classes": {}, "plugins/ssr": {}, "theories/Lists": {}, "theories/QArith": {}, "theories/Numbers": {}}, "origin_rel": {"theories/Classes": {}, "plugins/ssr": {}, "theories/Lists": {}, "theories/QArith": {}, "theories/Numbers": {}}}, "f1": {"anonym_rel": {"theories/Classes": {"0": 0.032258064516129024, "1": 0.08881578947368421, "2": 0.09004739336492891, "3": 0.0, "4": 0.1815561959654179, "5": 0.06369426751592357, "6": 0.08280254777070065, "7": 0.07854984894259819, "8": 0.04310344827586207, "9": 0.12383900928792568}, "plugins/ssr": {"0": 0.0, "1": 0.0, "2": 0.0, "3": 0.0, "4": 0.0, "5": 0.0, "6": 0.0, "7": 0.0, "8": 0.0, "9": 0.0}, "theories/Lists": {"0": 0.17924376508447307, "1": 0.1743224328795012, "2": 0.1588042970574498, "3": 0.14981400067636116, "4": 0.1840846994535519, "5": 0.19418358073311115, "6": 0.1354874242702405, "7": 0.20539845758354755, "8": 0.18821022727272727, "9": 0.19662534435261708}, "theories/QArith": {"0": 0.0912280701754386, "1": 0.21706398996235884, "2": 0.12655233589591958, "3": 0.11930926216640504, "4": 0.16598480420806547, "5": 0.13944061613295503, "6": 0.17123745819397995, "7": 0.13697040046430645, "8": 0.1554845580404686, "9": 0.22057917436845348}, "theories/Numbers": {"0": 0.09324554986588637, "1": 0.12488961776207898, "2": 0.11849400082747207, "3": 0.06599713055954089, "4": 0.10408537070956439, "5": 0.11252283336716055, "6": 0.12381326891747656, "7": 0.08804138350745512, "8": 0.09743968297136642, "9": 0.13824973524598055}}, "origin_prop": {"theories/Classes": {"0": 0.07296849087893863, "1": 0.10256410256410257, "2": 0.10332103321033212, "3": 0.07878787878787878, "4": 0.02583979328165375, "5": 0.10221465076660988, "6": 0.08349900596421471, "7": 0.06611570247933884, "8": 0.032786885245901634, "9": 0.0665083135391924}, "plugins/ssr": {"0": 0.0, "1": 0.0, "2": 0.0, "3": 0.0, "4": 0.0, "5": 0.0, "6": 0.0, "7": 0.0, "8": 0.0, "9": 0.0}, "theories/Lists": {"0": 0.16519174041297938, "1": 0.1754633715798764, "2": 0.16263956007332112, "3": 0.10887949260042284, "4": 0.11009714453929939, "5": 0.1446323080057038, "6": 0.11906767761864644, "7": 0.17173051519154559, "8": 0.18646169104884702, "9": 0.13513513513513514}, "theories/QArith": {"0": 0.13904607922392886, "1": 0.18394648829431434, "2": 0.1564748201438849, "3": 0.0210727969348659, "4": 0.025, "5": 0.10927152317880794, "6": 0.06672678088367899, "7": 0.06962962962962964, "8": 0.07575757575757576, "9": 0.037466547725245325}, "theories/Numbers": {"0": 0.14450831324556523, "1": 0.13665743305632502, "2": 0.06679898706454042, "3": 0.039924144126160306, "4": 0.03352984524686809, "5": 0.06298372030958099, "6": 0.06529912274915903, "7": 0.07442438138912773, "8": 0.02236818746671401, "9": 0.035707354938870554}}, "origin_rel": {"theories/Classes": {"0": 0.05499999999999999, "1": 0.08767123287671233, "2": 0.011904761904761906, "3": 0.015267175572519085, "4": 0.08356545961002784, "5": 0.03278688524590164, "6": 0.01694915254237288, "7": 0.02450980392156863, "8": 0.0, "9": 0.0299625468164794}, "plugins/ssr": {"0": 0.0, "1": 0.0, "2": 0.0, "3": 0.0, "4": 0.0, "5": 0.0, "6": 0.0, "7": 0.0, "8": 0.0, "9": 0.0}, "theories/Lists": {"0": 0.15609288963370838, "1": 0.16184112843355603, "2": 0.15404497286120444, "3": 0.0989672977624785, "4": 0.16346153846153846, "5": 0.12242268041237113, "6": 0.11004232397075799, "7": 0.15194437290754573, "8": 0.08864767073722299, "9": 0.15733263870799688}, "theories/QArith": {"0": 0.053708439897698204, "1": 0.2300109529025192, "2": 0.02155688622754491, "3": 0.013333333333333332, "4": 0.11825726141078839, "5": 0.10423452768729642, "6": 0.035175879396984924, "7": 0.007009345794392523, "8": 0.03314917127071823, "9": 0.036571428571428574}, "theories/Numbers": {"0": 0.03223070398642918, "1": 0.14972995429995847, "2": 0.015744522836984777, "3": 0.0047302624169388435, "4": 0.11097727455231671, "5": 0.06519396551724137, "6": 0.03972476413421295, "7": 0.03483675530124537, "8": 0.02220798633354687, "9": 0.02549928673323823}}}}